vix label	Real Gross Domestic Product per Capita	10-Year Treasury Constant Maturity Rate	Effective Federal Funds Rate	Consumer Price Index for all Urban Consumers	Inflation Expectations	Consumer Sentiment & Consumer Confidence	Advance Retail Sales: Retail Trade	Manufacturer New Orders: Durable Goods	Unemployment Rate	Total Nonfarm Payroll
3	-1.7473544493446822	2.104877405827398	2.3587629849986103	-1.7068850368165311	1.4879512830884338	0.2595882689644444	-1.4486534709573613	-1.7363586551851906	-0.3168181469509831	-1.9772215586421185
2	-1.7473544493446822	2.1644081784955302	2.375696849327871	-1.6905886887752768	0.9101951608414616	0.40011725667451986	-1.4486534709573613	-1.7363586551851906	-0.37120382340305896	-1.9228286015110523
2	-1.7473544493446822	2.2487434397753843	2.3333621885047178	-1.6789484401743806	0.4768780691562313	0.345467094787268	-1.4486534709573613	-1.7363586551851906	-0.2624324704989067	-1.7944446141452073
2	-1.7473544493446822	2.1098383035497426	2.3799303154101863	-1.6626520921331256	1.0546341914032042	0.1659022771577271	-1.4486534709573613	-1.7363586551851906	-0.37120382340305896	-1.7473594130867118
2	-1.7473544493446822	2.24378254205304	2.3121948580931417	-1.623075246890079	2.2101464358971503	-0.7631504749255502	-1.4486534709573613	-1.7363586551851906	-0.09927544114267865	-1.8626226565949866
3	-1.7473544493446822	2.228899848886007	2.30372792592851	-1.5788423022066735	2.499024497020637	-1.7390462229121872	-1.4486534709573613	-1.7363586551851906	0.009495911761473564	-1.7969358946244929
3	-1.7473544493446822	2.065190224048643	2.17672394345905	-1.5718581530461355	2.3545854664588943	-1.5750957372504322	-1.4486534709573613	-1.7363586551851906	0.17265294111770166	-1.8000084738822781
2	-1.7473544493446822	1.797301747042047	1.5163032346178575	-1.5485776558443434	0.4768780691562313	-1.2315804339591359	-1.4486534709573613	-1.7363586551851906	0.3901956469260056	-2.0333584121086843
2	-1.7654847856345428	1.8915588037665896	1.3723653878191362	-1.5392654569636268	0.1880000080327452	-0.3415635117953239	-1.4486534709573613	-1.7363586551851906	0.4445813233780819	-1.9771385159594757
2	-1.7654847856345428	1.9064414969336234	1.3173303287490368	-1.5299532580829098	0.04356097747100179	-0.6148143212315821	-1.4486534709573613	-1.7363586551851906	0.5533526762822342	-1.9205034063970525
2	-1.7570342051604553	2.0056594513805104	1.3342641930782981	-1.5159849597618347	0.04356097747100179	-0.2556846859724992	-1.4486534709573613	-1.7363586551851906	0.4989669998301578	-1.9803771805825467
2	-1.7570342051604553	1.8221062356537692	1.2665287357612527	-1.5066727608811177	0.1880000080327452	-0.3259491798275375	-1.4486534709573613	-1.7363586551851906	0.5533526762822342	-1.9727372537794046
2	-1.756726911325034	1.6385530199270275	1.0760227620570624	-1.4880483631196835	0.1880000080327452	-0.6148143212315821	-1.4486534709573613	-1.7363586551851906	0.6077383527343101	-1.8824698577466275
2	-1.756726911325034	1.5839831449812394	0.9066841187644487	-1.4787361642389665	-0.24531708365248503	-1.333073591749747	-1.4486534709573613	-1.7363586551851906	0.6077383527343101	-1.8811411748243418
2	-1.6626949976860952	1.613748531315306	0.44946978187439235	-1.4391593189959198	-0.10087805309074162	-0.7006931470544057	-1.4486534709573613	-1.7363586551851906	0.8252810585426145	-1.9555474184723347
2	-1.6626949976860952	1.5691004518142062	0.4875709766152303	-1.4345032195555616	-0.24531708365248503	-0.5445498273765439	-1.4034491149417958	-1.7603024650076937	0.9340524114467662	-1.8885319735795556
2	-1.6626949976860952	1.5046087814237294	0.46217018012133826	-1.4228629709546656	0.04356097747100179	-0.4508638355698265	-1.4083703136615076	-1.5436519362918044	1.0428237643509184	-1.8479241017672021
1	-1.6270489127772165	1.2962510770852662	0.24626340992325613	-1.4158788217941276	-0.5341951447759712	-0.7475361429577649	-1.4020184337027903	-2.2239789190050425	0.9884380878988426	-1.9324615526976228
1	-1.6270489127772165	1.087893372746803	0.2335630116763102	-1.3972544240326934	-0.10087805309074162	-0.8256078027966959	-1.440181424825178	-1.6638768405414157	0.9340524114467662	-1.8626226565949866
2	-1.5866397734193065	1.1722286340266572	0.18276141868852608	-1.3856141754317974	-0.3897561142142284	-1.0051726204262368	-1.372706705426539	-1.542062105860934	0.7708953820905381	-1.813876601883634
1	-1.5866397734193065	1.2615247930288556	0.10655902920684994	-1.3832861257116182	-0.3897561142142284	0.37669575872284083	-1.0679543643950045	-1.527536836924345	0.8252810585426145	-1.7948598275584216
1	-1.5866397734193065	1.008519009189293	0.1531271561123186	-1.3553495290694677	0.1880000080327452	0.03318045543154431	-1.5582212456048132	-1.5702454634990917	0.6621240291863859	-1.924655540529195
1	-1.5866397734193065	0.8696138729636511	0.17006102044157997	-1.3437092804685717	0.04356097747100179	-0.021469706455706446	-1.3982348851249384	-1.3653982213154223	0.6077383527343101	-1.8886150162621984
1	-1.5780355460275084	0.8646529752413065	0.1234928935361113	-1.3343970815878545	-0.10087805309074162	-0.044891204407386615	-1.350057125329512	-1.6563612785045736	0.6621240291863859	-1.8052401628887778
2	-1.5780355460275084	0.8596920775189621	0.15736062219463404	-1.3250848827071375	0.6213170997179748	-0.36498500974700293	-1.3125750005799037	-1.370432684346512	0.6077383527343101	-1.6762748767444329
1	-1.5700459063065528	0.7852786116837965	0.16582755435926472	-1.3250848827071375	-0.10087805309074162	-0.7163074790221922	-1.2985612192869944	-2.111414106831443	0.5533526762822342	-1.748355925278426
1	-1.5700459063065528	0.5620382141783005	0.17852795260621065	-1.3087885346658832	-0.10087805309074162	-0.6460429851671539	-1.3441706477015556	-1.4750965210454823	0.4445813233780819	-1.657008974371292
1	-1.509201726893122	0.5471555210112673	0.13619329178305742	-1.294820236344808	0.3324390385944879	-0.2712990179402856	-1.3037151191720866	-1.4421195837748515	0.4989669998301578	-1.6017025477311544
1	-1.509201726893122	0.7406305321826974	0.14889369003000336	-1.2924921866246282	-0.3897561142142284	-0.388406507698682	-1.2521071718277192	-1.5390269750383632	0.3901956469260056	-1.573218907584657
1	-1.509201726893122	0.765435020794419	0.1234928935361113	-1.2924921866246282	-0.10087805309074162	0.15809511117383446	-0.9401669503544342	-1.3749131155607832	0.33580997047392974	-1.5606794625055869
1	-1.509201726893122	0.8646529752413065	0.24626340992325613	-1.2715397391430157	-0.3897561142142284	0.548453410368489	-1.4559189184542387	-1.3560278571092315	0.3901956469260056	-1.6994437852017878
2	-1.509201726893122	1.1176587590808693	0.2843646046640941	-1.2598994905421195	-0.10087805309074162	0.4157315886423063	-1.221235483887251	-1.1103508788600258	0.33580997047392974	-1.61847716962501
1	-1.509201726893122	1.4252344178662195	0.6696100181547899	-1.2412750927806855	-0.5341951447759712	0.3923100906906272	-1.1785994592525508	-0.9703012709042574	0.1182672646656253	-1.3792312009309613
2	-1.3887425434079455	1.524452372313107	0.6738434842371052	-1.2319628938999685	-0.24531708365248503	0.22055243904497898	-1.2243726403390462	-1.8270994314441136	0.1182672646656253	-1.4577065360284538
1	-1.3887425434079455	1.494686985979041	0.7627462719657273	-1.2179945955788931	0.04356097747100179	0.4313459206100927	-1.1446768004770949	-1.2646126073341812	0.06388158821354943	-1.4321293897744563
1	-1.3887425434079455	1.6038267358706169	0.8728163901059264	-1.2086823966981761	0.4768780691562313	0.4157315886423063	-1.207738816295187	-1.0051089220043752	0.009495911761473564	-1.344104146173036
2	-1.3887425434079455	1.851871621987835	1.109890490715585	-1.2016982475376388	0.1880000080327452	0.42353875462619894	-1.1289306882863535	-1.0875633093508827	-0.153661117594755	-1.2417125184744031
2	-1.3887425434079455	1.7774581561526694	1.1776259480326305	-1.2016982475376388	-0.10087805309074162	0.6967895640624572	-0.8076565645128096	-0.9745167303800503	-0.20804679404683088	-1.2385568965339748
1	-1.3887425434079455	1.6087876335929612	1.3765988539014513	-1.1737616508954878	-0.10087805309074162	0.6967895640624572	-1.3798687301832473	-0.9333015808767273	-0.2624324704989067	-1.375577322894676
1	-1.3887425434079455	1.4748433950896636	1.4019996503953436	-1.1621214022945916	0.1880000080327452	0.322045596835589	-1.1492877309762994	-0.6649815631575489	-0.2624324704989067	-1.3128800974993249
1	-1.3887425434079455	1.1920722249160347	1.4147000486422894	-1.1434970045331583	-0.10087805309074162	0.2830097669161235	-1.0772451738868594	-1.0497927924477792	-0.153661117594755	-1.1836656833070516
1	-1.3887425434079455	0.9638709296881939	1.410466582559974	-1.1365128553726203	-0.24531708365248503	0.5094175804490236	-1.0656963012346463	-0.8108846376997038	-0.153661117594755	-1.1242071225347714
1	-1.3887425434079455	1.1226196568032136	1.3003964644197754	-1.1272006564919033	-0.24531708365248503	0.7826683898852819	-1.0505190141148348	-1.0571397361055894	-0.09927544114267865	-1.204841567380978
1	-1.3887425434079455	0.978753622855227	1.3257972609136672	-1.120216507331366	-0.3897561142142284	0.21274527306108632	-1.1440217897893574	-0.65103441437764	-0.153661117594755	-1.128857512762771
2	-1.3887425434079455	0.844809384351929	1.3257972609136672	-1.110904308450649	-0.3897561142142284	0.15809511117383446	-1.0502173644560084	-0.9266772874147672	-0.153661117594755	-1.0591016593427776
1	-1.3887425434079455	0.735669634460353	1.2411279392673604	-1.1132323581708279	-0.5341951447759712	0.37669575872284083	-0.7559193387432309	-0.7607568024475617	-0.153661117594755	-1.0592677447080634
1	-1.3887425434079455	0.7852786116837965	1.0802562281393777	-1.0806396620883185	-0.3897561142142284	0.1815166091255135	-1.2179690490102444	-0.871177752373472	-0.20804679404683088	-1.205422866159478
2	-1.3887425434079455	1.0134799069116374	1.1183574228802156	-1.0620152643268852	-0.24531708365248503	0.5874892402879546	-1.0636106093079034	-0.45977299587595427	-0.20804679404683088	-1.1386565493146272
2	-1.160884164443001	1.1325414522479023	1.0802562281393777	-1.0480469660058094	-0.10087805309074162	0.5094175804490236	-1.0633089596490768	-0.9697472390874389	-0.153661117594755	-1.0690667812599195
2	-1.160884164443001	1.2466420998618228	1.0887231603040084	-1.041062816845272	0.04356097747100179	0.2517811029805518	-0.9434161481080792	-0.7607568024475617	-0.153661117594755	-0.9754776779214285
2	-1.1250844326164116	1.3111337702522994	1.1564586176210538	-1.031750617964555	-0.10087805309074162	0.6655609001268855	-1.0180270365783846	-1.3724801932347541	-0.20804679404683088	-1.0064525985472113
2	-1.1250844326164116	1.1970331226383788	1.0802562281393777	-1.024766468804017	0.04356097747100179	0.7124038960302436	-0.9565766917945937	-1.0048198619260351	-0.42558949985513533	-0.9822041352154993
2	-1.0797585918917598	1.142463247692591	1.0887231603040084	-1.0014859716022246	-0.10087805309074162	0.8060898878369609	-0.9767699818126052	-0.6236941486346408	-0.37120382340305896	-0.8605466051437253
2	-1.0797585918917598	0.978753622855227	1.1183574228802156	-0.9945018224416875	-0.10087805309074162	1.0168833694020747	-0.9621701383254044	-0.6431816155827345	-0.2624324704989067	-0.8223469711280146
2	-0.9680572827160925	1.321055565696988	1.2030267445265224	-0.95725302691882	-0.10087805309074162	1.188641021047723	-1.0001090468440925	-0.5941136672845061	-0.42558949985513533	-0.809475355318373
2	-0.9680572827160925	1.2317594066947894	1.1987932784442072	-0.959581076638999	-0.24531708365248503	1.3291700087577982	-0.8941265938558353	-0.7143867482138406	-0.534360852759287	-0.719706215381453
2	-0.9087495724797684	0.9886754182999156	1.2072602106088377	-0.950268877758282	-0.5341951447759712	1.6336494821296283	-0.9170519679266464	-1.0735920722311123	-0.534360852759287	-0.7475255140668075
2	-0.9087495724797684	1.0283626000786705	1.2157271427734686	-0.943284728597744	-0.5341951447759712	1.4228560005645157	-0.8903689009630256	-0.5994612787337975	-0.5887465292113634	-0.7419616543297366
2	-0.8732571344886003	0.8944183615753729	1.1987932784442072	-0.9246603308363106	-0.3897561142142284	1.5165419923712318	-0.9059426419201518	-0.2880472210020856	-0.6431322056634393	-0.5835162158471803
3	-0.8732571344886003	0.7852786116837965	1.1987932784442072	-0.9316444799968479	-0.3897561142142284	1.2432911829349735	-0.5677158073205607	-0.37204326209974026	-0.6431322056634393	-0.5394205513638274
3	-0.7815299246153219	0.7009433504039424	1.1776259480326305	-0.9037078833546974	-0.9675122364612013	1.7585641378719183	-0.8876971468419912	-0.4121985246491496	-0.8606749114717437	-0.5403340208728987
2	-0.7815299246153219	0.705904248126287	1.194559812361892	-0.8967237341941595	-0.6786341753377145	1.58680648622627	-0.8110522778150275	-0.4865110531224116	-0.8062892350196673	-0.45031575288805015
2	-0.7815299246153219	0.6314907822911214	1.224194074938099	-0.8920676347538012	-0.5341951447759712	1.5165419923712318	-0.8135344235790852	-0.17728903431811194	-0.7519035585675915	-0.39525845429584117
2	-0.7191492760247842	0.611647191401744	1.2157271427734686	-0.8874115353134431	-0.6786341753377145	1.48531332843566	-0.8409414497238895	-1.1939615065198936	-0.7519035585675915	-0.48436325277161835
4	-0.7191492760247842	0.2891888394493601	1.2030267445265224	-0.8780993364327261	-1.1119512670229448	1.1496051911282574	-0.9165434727874818	-0.03348164534392256	-0.6975178821155156	-0.397002350631341
4	-0.6311095921765622	0.15028370322371817	1.0167542369046478	-0.868787137552009	-0.823073205899458	0.8763543816919992	-0.8167060542776035	-0.33709108096045237	-0.7519035585675915	-0.33239514353520433
3	-0.6311095921765622	0.2098144758918506	0.8516490596943493	-0.8711151872721881	-0.823073205899458	1.1183765271926847	-0.4278451698035705	-0.23796756242966688	-0.8062892350196673	-0.28489472906349456
3	-0.6311095921765622	0.3834458961739032	0.8855167883528721	-0.8571468889511129	-0.823073205899458	1.7117211419685592	-0.9981095405341572	-0.24319473217965	-0.8062892350196673	-0.4312989785628377
3	-0.6311095921765622	0.4975465437878238	0.9066841187644487	-0.8455066403502167	-0.5341951447759712	1.5243491583551256	-0.7328388305621663	0.22652789512297863	-0.9150605879238196	-0.37208954583848625
2	-0.5458355528471325	0.4727420551761016	0.8770498561882416	-0.8175700437080663	-0.5341951447759712	1.438470332532301	-0.7597373615678059	-0.36438317002372816	-0.8606749114717437	-0.2770056742124239
3	-0.5458355528471325	0.8299266911848961	0.8855167883528721	-0.8175700437080663	-0.823073205899458	1.6492638140974147	-0.6759563234691762	0.0727720217859182	-0.8606749114717437	-0.1445525953970794
2	-0.4766944398773247	0.775356816239108	0.982886508246125	-0.8059297951071701	-0.5341951447759712	1.5477706563068048	-0.6745601164768937	-0.8598321442986239	-0.8606749114717437	-0.21671668661371538
3	-0.4766944398773247	0.8398484866295847	1.0802562281393777	-0.777993198465019	-0.5341951447759712	1.641456648113522	-0.7290897562310373	0.17045023992500327	-0.9150605879238196	-0.147542131972222
3	-0.38358440774465014	0.9341055433541279	1.071789295974747	-0.7710090493044817	-0.24531708365248503	1.3291700087577982	-0.707302032302086	-0.03521600581396304	-0.9694462643758959	-0.06989722370115799
2	-0.38358440774465014	0.8944183615753729	1.1649255497856845	-0.7686809995843019	-0.24531708365248503	1.641456648113522	-0.6412493755807714	-0.27376283546411334	-0.9694462643758959	-0.03169758968544735
2	-0.38358440774465014	1.018440804633982	1.1141239567979004	-0.7686809995843019	-0.10087805309074162	1.5009276604034465	-0.19173967255925806	0.17647232489042158	-1.0238319408279717	-0.02032074216337701
3	-0.38358440774465014	1.1375023499702464	1.29616299833746	-0.7337602537816135	-0.24531708365248503	1.9615504534531383	-0.7599269699247825	-0.1492983833988476	-0.9694462643758959	-0.1846622111135756
2	-0.38358440774465014	1.008519009189293	1.346964591325244	-0.7011675576991049	0.1880000080327452	1.6336494821296283	-0.5304146723662485	0.4245099604460712	-1.0238319408279717	-0.09364743093701285
3	-0.38358440774465014	1.0978151681914918	1.524770166782488	-0.6941834085385669	-0.10087805309074162	1.9147074575497802	-0.49711255003180704	-0.12436695164201578	-1.0238319408279717	0.06861797094711448
2	-0.38358440774465014	0.9291446456317831	1.634840284922687	-0.6732309610569537	-0.24531708365248503	1.5789993202423775	-0.5187882326589085	1.0067010465628523	-1.0238319408279717	0.11113582446025327
2	-0.38358440774465014	0.7952004071284855	1.622139886675741	-0.6639187621762367	-0.5341951447759712	1.6492638140974147	-0.4979226948297981	-0.18458780129619895	-0.9694462643758959	0.010820263827691443
2	-0.38358440774465014	0.7803177139614523	1.6306068188403715	-0.6429663146946242	-0.24531708365248503	1.6102279841779492	-0.6174018154101194	0.3693717505027011	-1.078217617280048	0.06629277583311471
3	-0.38358440774465014	0.7406305321826974	1.6263733527580562	-0.6336541158139071	-0.24531708365248503	1.6726853120490937	-0.543963051328397	-0.23789529741008186	-1.078217617280048	0.14294117191246453
3	-0.38358440774465014	0.502507441510168	1.5798052258525876	-0.6359821655340862	-0.3897561142142284	0.9544260415309301	-0.18153529552924288	-0.057160483427947384	-1.078217617280048	0.13812469631917926
2	-0.38358440774465014	0.43305487339734666	1.194559812361892	-0.5940772705708598	-0.3897561142142284	0.345467094787268	-0.7867824081220185	-0.4505712500487951	-0.9150605879238196	-0.04523354695623177
3	-0.38358440774465014	0.32887602122811505	1.1183574228802156	-0.5847650716901435	-0.3897561142142284	0.4157315886423063	-0.5328106325134987	0.14380853603799265	-0.8606749114717437	0.004176849216263507
3	-0.38358440774465014	0.5769209073453333	0.6526761538255286	-0.549844325887455	0.1880000080327452	0.4547674185617717	-0.40164474229407204	-0.35484418743850554	-0.8606749114717437	0.09660335499775467
2	-0.38358440774465014	0.5223510323995455	0.5510729678499605	-0.5428601767269171	-0.10087805309074162	0.5016104144651299	-0.4735494023966199	-0.16623248632160392	-0.7519035585675915	0.12799348903675167
2	-0.38358440774465014	0.36856320300686995	0.4156020532158696	-0.5545004253278132	-0.5341951447759712	0.4157315886423063	-0.42058834086837393	-0.5747466420357208	-0.534360852759287	-0.001470053203450239
3	-0.31167765025604993	0.17012729411309566	-0.07548001233270948	-0.549844325887455	-2.989658664325607	-0.2712990179402856	-0.4315511513262956	-0.482945978822884	-0.3168181469509831	0.037393922273403185
3	-0.31167765025604993	0.2098144758918506	-0.24481865562532315	-0.5568284750479923	-3.856292847696067	-0.1776130261335683	-0.45899265171782294	-0.8451623453228648	-0.20804679404683088	0.02178189793654754
2	-0.31167765025604993	0.33879781667280395	-0.3929899685063599	-0.5475162761672753	-1.400829328146431	0.35327426077116175	-0.7513342639290688	-0.6662100684904941	-0.09927544114267865	-0.21023935736757313
2	-0.31167765025604993	0.5223510323995455	-0.39722343458867526	-0.524235778965483	-0.5341951447759712	0.7436325599658163	-0.5009736656647857	-0.28448214670255795	-0.09927544114267865	-0.15983244900336366
2	-0.24007818660287117	0.48762474834313485	-0.3887565024240446	-0.5009552817636908	-0.3897561142142284	0.5328390784007027	-0.49904310784829636	-0.6067359573720229	0.009495911761473564	-0.11092030892672548
2	-0.24007818660287117	0.4628202597314131	-0.3887565024240446	-0.5009552817636908	-0.5341951447759712	0.8373185517725337	-0.3755822117714657	-0.4585685788828706	-0.04488976469060279	-0.046894400609088754
3	-0.22932290236312328	0.2098144758918506	-0.39722343458867526	-0.49397113260315345	-0.6786341753377145	0.1502879451899407	-0.4177011227053206	-1.0542732236620505	-0.04488976469060279	-0.1349196442105089
3	-0.22932290236312328	0.016339464720420093	-0.3929899685063599	-0.4800028342820782	-0.6786341753377145	0.11125211527047524	-0.32357781058978363	-0.4423571261559645	-0.09927544114267865	-0.12777797350322387
3	-0.23746618900178953	-0.1424092623945995	-0.3887565024240446	-0.4660345359610023	-0.823073205899458	-0.43524950360204123	-0.4767382702184997	-0.5132972870485922	-0.09927544114267865	-0.028957181158233324
3	-0.23746618900178953	-0.08783938744881155	-0.5623286117989734	-0.4660345359610023	-0.9675122364612013	-0.15419152818188925	-0.4440480657633919	-0.7477250105823965	0.009495911761473564	-0.018909016558448573
3	-0.16694225377258554	-0.13248746694991076	-0.5961963404574961	-0.4078332929565216	-0.9675122364612013	-0.013662540471813799	-0.42463906485832925	-0.654792195396061	0.06388158821354943	-0.1450508514929365
2	-0.16694225377258554	-0.32596247812134105	-0.5961963404574961	-0.41481744211705956	-1.5452683587081744	0.4625745845456644	-0.2911203073000563	-0.553789786356065	0.1182672646656253	-0.08193841268437112
2	-0.06399881890642718	-0.12256567150522202	-0.7020329925153797	-0.4055052432363425	-1.9785854503934042	0.3688885927389482	-0.3097277819688086	-1.0843354718094187	0.17265294111770166	-0.16572847947100597
2	-0.06399881890642718	0.11059652144496322	-0.6935660603507489	-0.38920889519508817	-0.823073205899458	0.24397393699665804	-0.25897307223083615	-0.5959202927741316	0.1182672646656253	-0.16132721729093497
2	0.003298531050852456	0.031222157887453313	-0.7020329925153797	-0.3798966963143711	-0.6786341753377145	0.26739543494833706	-0.3574918508035587	-0.11465935067776147	0.06388158821354943	-0.04108141282408931
2	0.003298531050852456	0.021300362442764353	-0.7147333907623257	-0.39619304435562547	-0.6786341753377145	0.5016104144651299	0.10715204652936235	-0.17938471988607751	-0.09927544114267865	-0.042410095746374894
2	0.003298531050852456	-0.19697913734038744	-0.706266458597695	-0.3240235030300695	-0.24531708365248503	0.751439725949709	-0.23542716171901057	0.4639425727996303	-0.04488976469060279	-0.12603407716772405
2	0.07320787860921373	0.06098754422151931	-0.706266458597695	-0.3100552047089943	0.1880000080327452	0.62652507020742	-0.26661773644166675	-0.2793995069917449	-0.153661117594755	-0.03335844333830433
2	0.07320787860921373	0.24950165767060556	-0.6935660603507489	-0.27047835946594767	0.3324390385944879	0.7358253939819226	-0.22060323562811013	0.050755279152348835	-0.153661117594755	0.0785830928642564
2	0.12514053679542494	0.13540101005668495	-0.5961963404574961	-0.27746250862648497	-0.10087805309074162	0.8217042198047473	-0.17569191070969026	-0.7569990214291407	-0.20804679404683088	-0.01782946168409153
2	0.12514053679542494	-0.0481522056700566	-0.4480250275764593	-0.26582226002558884	-0.3897561142142284	0.62652507020742	-0.2782614132723682	0.043745572252601915	-0.2624324704989067	0.04328995274104548
1	0.1835263655254849	-0.0630348988370898	-0.38452303634172924	-0.24254176282379655	0.04356097747100179	0.4313459206100927	-0.23952959707905044	-0.20313582298968735	-0.20804679404683088	0.1246717817310377
2	0.1835263655254849	-0.01838681933599016	-0.3125541129423685	-0.24021371310361744	-0.3897561142142284	0.5172247464329163	-0.18083719203310164	-0.1739166667374777	-0.2624324704989067	0.14551549507439285
1	0.1835263655254849	0.0014567715533873168	-0.21518439304911566	-0.2565100611448718	-0.10087805309074162	0.8529328837403191	0.33928438683884626	0.14021937339860333	-0.2624324704989067	0.1263326353838947
1	0.1835263655254849	-0.028308614780679118	-0.07124654625039423	-0.22158931534218335	-0.24531708365248503	0.6187179042235262	-0.43041350118443583	-0.1541642280509056	-0.2624324704989067	-0.029870650667304665
1	0.1835263655254849	0.13540101005668495	-0.016211487180294883	-0.18666856953949493	0.1880000080327452	0.5016104144651299	-0.07650088432586868	0.3458374424578463	-0.37120382340305896	0.03980216007004581
2	0.27279522471539236	0.05602664649917505	0.051523970136750585	-0.15640392317716537	0.3324390385944879	0.11905928125436899	-0.11381925640354246	-0.10724014200036609	-0.37120382340305896	0.14061597679846474
1	0.27279522471539236	-0.11264387606053329	0.15736062219463404	-0.15873197289734448	0.1880000080327452	0.7670540579174955	0.01822572710732125	0.6949979287528002	-0.4799751763072112	0.2636852324751673
1	0.31366530482643434	-0.023347717058334858	0.25049687600557136	-0.13777952541573127	-0.10087805309074162	0.8060898878369609	0.014019869007112287	-0.6242240921115977	-0.4799751763072112	0.17557694619110426
1	0.31366530482643434	0.016339464720420093	0.3521000619811396	-0.114499028213939	0.04356097747100179	0.22835960502887162	0.052993004927491226	0.32902378123439835	-0.534360852759287	0.19642065953445942
1	0.31366530482643434	-0.0134259216136459	0.40290165496892366	-0.058625834929637397	1.7768293442119207	-0.7241146450060848	-0.1277382335179635	0.46324401094364176	-0.4799751763072112	0.24848842155152587
2	0.31366530482643434	0.15524460094606243	0.5637733660969064	-0.08656243157178853	0.3324390385944879	-0.3571778437631103	-0.030555332005758093	0.48685058400808157	-0.4799751763072112	0.35528131143022995
1	0.31366530482643434	0.12051831688965174	0.631508823413952	-0.10518682933322196	0.04356097747100179	0.4157315886423063	0.47803461133733816	0.8228829250784236	-0.534360852759287	0.3385897322190172
1	0.31366530482643434	0.17012729411309566	0.7712132041303581	-0.06095388464981715	-0.10087805309074162	0.04098762141543807	-0.28306195212854934	0.34029712428966147	-0.5887465292113634	0.1950919766121738
1	0.31366530482643434	0.24454075994826086	0.8135478649535114	-0.035345337727845115	-0.10087805309074162	0.21274527306108632	0.09387946154099801	1.3804557278565746	-0.6431322056634393	0.27655684828480886
1	0.31366530482643434	0.43801577111969137	0.9617191778345484	0.027512004716993773	1.3435122525266912	-0.5523569933604376	0.1907520948326962	0.5424223840689618	-0.6975178821155156	0.41930721974786667
2	0.31366530482643434	0.43801577111969137	0.982886508246125	0.03682420359771082	0.3324390385944879	-0.09954136629463738	0.13430913438542472	1.0168422376446167	-0.6975178821155156	0.46116073179986267
2	0.31366530482643434	0.3239151235057708	1.0929566263863237	0.0601047007995031	1.0546341914032042	-0.3259491798275375	0.2059380005141884	0.4900543332096841	-0.6431322056634393	0.38060932963629895
1	0.31366530482643434	0.24454075994826086	1.0929566263863237	0.03682420359771082	0.04356097747100179	-0.06050553637517191	-0.03865677998566879	1.152242796007082	-0.7519035585675915	0.43616488432436507
1	0.31366530482643434	0.18500998728012844	1.0929566263863237	0.004231507515201494	-0.10087805309074162	0.4625745845456644	0.06747218855116141	0.5661253104928483	-0.7519035585675915	0.5263492376744993
1	0.31366530482643434	0.16516639639075095	1.0887231603040084	0.011215656675739443	-0.24531708365248503	0.4313459206100927	0.5595834419606521	1.001642495191901	-0.8062892350196673	0.517131499901143
1	0.31366530482643434	0.24454075994826086	1.097190092468639	0.05076922142158415	-0.10087805309074162	0.40011725667451986	-0.21714719239412694	0.3856072915694689	-0.7519035585675915	0.3429079517164454
2	0.31366530482643434	0.16516639639075095	1.097190092468639	0.09390798273650544	-0.10087805309074162	0.17370944314162087	0.17803109779190024	1.3667494624752825	-0.8062892350196673	0.417480280729724
2	0.31366530482643434	0.2594234531152941	1.0929566263863237	0.15436743396956018	0.3324390385944879	0.1659022771577271	0.3269943178820881	0.8184024938641523	-0.8062892350196673	0.5627219326720673
1	0.31366530482643434	0.43305487339734666	1.0929566263863237	0.16374947434188228	0.4768780691562313	-0.06831270235906567	0.19761246993057802	1.1647205560554288	-0.6975178821155156	0.6044093593587775
3	0.31366530482643434	0.2197362713365391	0.9955869064930708	0.1536224580591026	0.1880000080327452	-0.21664885605303374	0.2924338855422563	1.1089560492756552	-0.6975178821155156	0.4976995121627163
2	0.5588857854926862	0.15028370322371817	0.8855167883528721	0.17734528470772906	0.04356097747100179	-0.4118280056503611	0.13628278501031785	0.9588856919374308	-0.6431322056634393	0.6063193410595631
2	0.5588857854926862	-0.038230410225367634	0.7712132041303581	0.20623638173515293	0.4768780691562313	-0.7865719728772304	0.2291477871204645	0.6933358333023448	-0.6431322056634393	0.632228658044132
3	0.5588857854926862	-0.24162721684148666	0.131959825700742	0.24152961549307048	0.7657561302797181	-1.200351770023564	-0.061099514602357595	0.8315065507489026	-0.534360852759287	0.40610343320765363
3	0.5369142762600584	-0.27139260317555286	-0.16438280006133174	0.3143975717346802	2.499024497020637	-1.8405393807027972	0.13567086713098417	0.7160029611121793	-0.4799751763072112	0.4996925365461447
2	0.5369142762600584	-0.17217464872866572	-0.2913867825307918	0.35651199117272236	3.076780619267611	-2.059140028251804	0.36212357529284983	0.7863409135082653	-0.2624324704989067	0.5473590363831401
3	0.4754555091757847	-0.10768297833818903	-0.2786863842838459	0.43408260784909414	2.932341588705867	-1.9498397044773006	0.24905666460301099	0.24543724191439215	-0.04488976469060279	0.4406491891870789
2	0.4754555091757847	-0.16721375100632124	-0.28291985036616113	0.4136423313059208	2.499024497020637	-1.809310716767225	0.23427583132051433	0.47022962950352704	0.1182672646656253	0.43168057946165117
4	0.28462603737911507	-0.20690093278507618	-0.718966856844641	0.3551384418378167	1.1990732219649478	-2.230897679897452	-0.03308057057821962	0.0467325263954494	0.33580997047392974	0.4605794330213627
4	0.28462603737911507	-0.896465716190943	-1.0618776095121834	0.20742368709244471	-1.9785854503934042	-2.035718530300125	0.2693533773611915	-0.08712637821586892	0.7708953820905381	0.3185764457020906
4	0.15049227821768782	-0.6434599323513802	-1.0661110755944987	0.27754454466424305	-0.3897561142142284	-1.6453602311054705	-0.20011691451295296	-1.3358900049848725	1.6954518817758313	-0.003047864173664374
4	0.15049227821768782	-0.46486761434698315	-1.0534106773475527	0.29188533094054675	-0.3897561142142284	-1.3643022556853186	-0.06704632216207929	-1.1956717786500723	1.9129945875841357	0.01962278818783346
3	0.15049227821768782	-0.2515490122861754	-1.0407102791006067	0.3346516043002396	0.04356097747100179	-1.200351770023564	-0.07937948392724122	-0.9208719975081039	1.9673802640362115	0.004592062629477753
3	0.1604793278688823	-0.3309233758436853	-1.0618776095121834	0.32668967425722634	-0.24531708365248503	-1.5750957372504322	-0.05527336690616649	-1.203813637523318	1.9673802640362115	-0.12811014423379527
3	0.1604793278688823	-0.41029773940119524	-1.0661110755944987	0.34107702152793384	-1.2563902975846875	-0.9895582884584504	-0.23433260438555453	-0.6408691349560138	2.13053729339244	-0.10842902844744001
3	0.22393550488339484	-0.4152586371235395	-1.0788114738414447	0.34591936494590664	-0.24531708365248503	-1.2159661019913506	-0.12841909989074324	-0.7745594211883005	2.2393086462965917	-0.05868646154437334
2	0.22393550488339484	-0.3160406826766523	-1.0788114738414447	0.3406114115838984	-0.823073205899458	-1.0676299482973812	0.4091636849464165	-0.502626152489871	2.184922969844516	-0.1001247601831551
3	0.22393550488339484	-0.2664317054532086	-1.0745780077591294	0.359049565367718	-0.5341951447759712	-0.9817511224745576	-0.3421077182034092	-0.6331849545401401	2.13053729339244	-0.30225064973585003
2	0.22393550488339484	-0.24658811456383115	-1.0618776095121834	0.3797692078773128	-0.5341951447759712	-0.9817511224745576	0.05209667451269259	0.11181922070169055	2.184922969844516	-0.2329930524117138
2	0.3065975466117429	-0.18705734189569873	-1.044943745182922	0.3885692358195899	-0.24531708365248503	-1.0910514462490604	0.014476652776192358	-0.33297197484410623	2.184922969844516	-0.13973611980379416
3	0.3065975466117429	-0.5095156938480824	-1.0534106773475527	0.38754489394271147	-0.3897561142142284	-0.794379138861123	0.03380808662612822	0.11391490626965613	1.9129945875841357	-0.037095364057232544
3	0.3499259774061558	-0.6037727505726255	-1.0534106773475527	0.3886157968139937	-0.5341951447759712	-1.434566749540357	0.048735435457197725	-0.4978084845175364	1.9129945875841357	-0.14820647343336477
3	0.3499259774061558	-0.7823650685770226	-1.0491772112652373	0.3985798496163608	-1.2563902975846875	-1.4033380856047841	-0.06569320797820058	0.4282918298043539	1.9673802640362115	-0.10186865651865493
2	0.37343395581589045	-0.8369349435228105	-1.0491772112652373	0.40491214485524873	-0.5341951447759712	-1.4423739155242494	-0.0017348617453098031	-0.07284199267789668	1.9129945875841357	-0.0211511689898055
2	0.37343395581589045	-0.7277951936312346	-1.0491772112652373	0.40705395059781324	-0.10087805309074162	-1.1378944421524195	0.11308161696572253	-0.21072365004611443	2.13053729339244	0.004259891898906356
2	0.37343395581589045	-0.46486761434698315	-1.0534106773475527	0.4158074175456873	-0.10087805309074162	-0.9114866286195195	0.6172416196049102	0.32904786957426	1.8586089111320598	-0.0211511689898055
2	0.37343395581589045	-0.32100158039899657	-1.0618776095121834	0.4653948765855047	0.4768780691562313	-0.6772716491027266	-0.13221126703027591	-0.18993541274549042	1.6954518817758313	-0.1913056257250035
2	0.37343395581589045	-0.40533684167885076	-1.070344541676814	0.5156341895469728	2.2101464358971503	-1.4579882474920358	0.2567616587456069	0.9087819450251504	1.6954518817758313	-0.11606895525058214
2	0.37927253868889643	-0.380532353067129	-1.0872784060060754	0.5491348250203517	2.2101464358971503	-1.278423429862495	0.20472278331720178	-0.010332750736854558	1.749837558227907	-0.015006010474234659
2	0.37927253868889643	-0.6087336482949698	-1.0915118720883907	0.5681317107370143	1.0546341914032042	-1.1457016081363123	0.27027556346103243	0.5106016871116914	1.749837558227907	0.08240305626582746
2	0.3596057332219289	-0.6087336482949698	-1.0999788042530214	0.5727878101773725	0.4768780691562313	-1.7546605548799732	0.22512291881555138	-0.14780490632742388	1.6954518817758313	-0.02339332142116243
3	0.3596057332219289	-0.9559964888590754	-1.0872784060060754	0.5872915599340889	0.6213170997179748	-2.371426667607528	0.3185739831199894	0.5147207932280375	1.6954518817758313	-0.000556583694378898
3	0.3596057332219289	-1.114745215974095	-1.095745338170706	0.595300050971506	0.3324390385944879	-2.082561526203483	0.1584238699681802	0.625936658369383	1.6954518817758313	0.06139325755718661
3	0.3596057332219289	-1.099862522807062	-1.095745338170706	0.5799582033155244	0.1880000080327452	-1.7546605548799732	0.3124806600116949	0.26622547921501616	1.477909175967527	0.1658609523218909
3	0.3596057332219289	-1.114745215974095	-1.0999788042530214	0.5669676858769244	0.04356097747100179	-1.2706162638786012	0.8071257705553279	1.0159991457494582	1.4235234995154509	0.1513284828593923
2	0.3596057332219289	-1.1197061136964395	-1.0872784060060754	0.6133191558056932	0.3324390385944879	-0.8490293007483749	0.13970435399757802	0.7123174451133433	1.3147521466112992	0.014141971133405411
2	0.3596057332219289	-1.020488159249552	-1.0745780077591294	0.6535711354675917	1.1990732219649478	-0.7787648068933366	0.4588669301593367	1.0919015046535905	1.2603664701592223	0.08921255624254108
2	0.3596057332219289	-1.2040413749762937	-1.0618776095121834	0.6634187857839499	-0.10087805309074162	-0.5367426613926513	0.498745015056195	0.612663983105601	1.2603664701592223	0.2301359886874562
3	0.3596057332219289	-1.293337533978492	-1.0618776095121834	0.6555732582269461	0.04356097747100179	-1.0129797864101293	0.35183301264602707	0.9131419345401133	1.2603664701592223	0.2581213727380964
2	0.3596057332219289	-1.2635721476444262	-1.0745780077591294	0.6765489862057605	0.7657561302797181	-0.9271009605873058	0.4975125607358469	0.20836528686727698	1.2059807937071465	0.18919594614453153
2	0.49251031704167064	-1.2288458635880153	-1.0618776095121834	0.6983860925810421	0.04356097747100179	-0.2791061839241794	0.3495921866090305	0.6596603341757256	1.0428237643509184	0.3116839030427341
2	0.49251031704167064	-1.278454840811459	-1.0618776095121834	0.6728706676478776	0.04356097747100179	-0.2712990179402856	0.45965121927228547	0.345933795817293	0.9884380878988426	0.34398750659080246
1	0.49251031704167064	-1.114745215974095	-1.0661110755944987	0.7181512347053635	0.3324390385944879	-0.669464483118834	0.14846081266522618	0.729588784794163	0.9884380878988426	0.18462859859917483
2	0.49251031704167064	-1.1246670114187838	-1.070344541676814	0.7322824965068514	0.1880000080327452	-0.5913928232799031	0.5077255563275428	0.9068789661760782	0.8796667349946904	0.2509797020308113
1	0.5459794444049887	-1.2238849658656712	-1.0661110755944987	0.7266486161840179	0.04356097747100179	-0.7631504749255502	0.4111373355713096	0.6263461601470315	0.9340524114467662	0.3344375980868748
2	0.5459794444049887	-1.139549704585817	-1.08304493992376	0.7362867420255595	0.04356097747100179	-0.1307700302302102	0.6413994479960694	1.0436766482505206	0.8796667349946904	0.4085947136869391
2	0.5923808135536153	-0.817091352633433	-1.0915118720883907	0.7514423457039265	0.04356097747100179	-0.08392703432685207	0.5318833847187021	0.306862508561659	0.7708953820905381	0.3450670614651595
1	0.5923808135536153	-0.7377169890759231	-1.095745338170706	0.7579841654176304	-0.10087805309074162	-0.3181420138436448	0.6288680593122501	0.6918905329106444	0.7165097056384623	0.38135671378008457
2	0.6323290121583932	-0.7972477617440555	-1.0915118720883907	0.7502783208438367	-0.10087805309074162	-1.0129797864101293	0.46982112205557763	0.9980533325525116	0.7165097056384623	0.5084120182236439
1	0.6323290121583932	-0.7476387845206118	-1.095745338170706	0.7391735236785817	-0.24531708365248503	-0.8646436327161613	0.5466383623161565	0.9141295564744419	0.5533526762822342	0.5520094266111397
1	0.6778084998007556	-0.7525996822429564	-1.0915118720883907	0.8323653539773566	0.1880000080327452	-0.161998694165783	0.590851583738435	0.8675186188421041	0.17265294111770166	0.5338230791123557
1	0.6778084998007556	-0.8270131480781218	-1.0915118720883907	0.8516416056604406	0.3324390385944879	-0.33375634581143016	0.8017650251898976	0.8761422445125832	0.22703861756977753	0.6095580056826342
1	0.7546319586560977	-0.8369349435228105	-1.0915118720883907	0.8597897796810677	0.3324390385944879	-0.3415635117953239	0.6846560090717841	2.2046864529034487	0.17265294111770166	0.5687010058223524
2	0.7546319586560977	-0.896465716190943	-1.0915118720883907	0.8505241417947546	0.1880000080327452	-0.28691334990807205	0.7428313004168876	0.8634236010656197	0.1182672646656253	0.600257225226635
2	0.7736841764522225	-0.9559964888590754	-1.0915118720883907	0.8407696134672034	-0.24531708365248503	0.056601953383224476	0.6302815034278941	1.0444474751260941	-0.09927544114267865	0.7447514930251927
2	0.7736841764522225	-1.0006445683601746	-1.0788114738414447	0.7797514303013062	-0.3897561142142284	0.5796820743040608	1.170717032181384	1.0865298048644374	-0.153661117594755	0.7830341697235461
2	0.8592655096170736	-1.1345888068634724	-1.0788114738414447	0.8213536788009085	-0.6786341753377145	0.7592468919336028	0.621525044760246	0.5959466752415998	-0.2624324704989067	0.7793802916872608
1	0.8592655096170736	-1.0056054660825189	-1.0788114738414447	0.8494299584262703	-0.3897561142142284	0.35327426077116175	0.8120555878367203	0.38030785679990076	-0.153661117594755	0.8576064987368247
2	0.8592655096170736	-0.9262311025250092	-1.0745780077591294	0.8688226125953633	-0.5341951447759712	0.7748612239013881	0.7115545400774238	1.382864561842742	-0.3168181469509831	0.8970517729921781
2	0.8684843246797146	-0.9460746934143867	-1.0745780077591294	0.8691951005505918	-0.3897561142142284	0.5406462443845953	0.7868204392354665	0.5167442137764181	-0.37120382340305896	0.8179951391161857
3	0.8684843246797146	-1.020488159249552	-1.070344541676814	0.852689228034521	-0.3897561142142284	0.08002345133490353	0.5751313272327361	0.8668923220057007	-0.4799751763072112	0.8802771510983226
3	0.86295303564213	-1.0700971364729959	-1.0788114738414447	0.8501982148339292	-0.5341951447759712	0.2986240988839099	0.6665915037889194	0.7897855461084845	-0.4799751763072112	0.9756101507723135
2	0.86295303564213	-0.9857618751931414	-1.0280098808536606	0.8196309220079763	-0.6786341753377145	0.5016104144651299	1.2822239832070061	0.8577387528582648	-0.4799751763072112	1.0104050347996674
2	0.86295303564213	-1.2139631704209821	-0.968741355701246	0.8332732933682261	-0.823073205899458	0.4313459206100927	0.4159895857975753	0.3797056483033589	-0.534360852759287	0.8324445658960414
2	0.86295303564213	-1.1593932954751944	-0.9772082878658767	0.8570426810112564	-0.5341951447759712	0.37669575872284083	0.7733927201368486	1.1610591283964544	-0.4799751763072112	0.9067677668613915
2	0.9073569948605177	-1.1990804772539492	-0.9729748217835612	0.8833263623520797	-0.3897561142142284	0.22055243904497898	0.6850266072240566	0.6230219692461205	-0.42558949985513533	0.9976164616726685
2	0.9073569948605177	-1.2834157385338036	-0.968741355701246	0.9242301959356288	-0.6786341753377145	0.5718749083201682	0.8171319206666856	0.8543904736174922	-0.534360852759287	1.1066515039827296
2	0.9403910821683148	-1.3528683066466245	-0.9645078896189305	0.9151508020269294	-0.5341951447759712	0.2986240988839099	0.7817441064055012	0.0606074101557732	-0.5887465292113634	1.0258509737712371
1	0.9403910821683148	-1.3231029203125582	-0.9602744235366153	0.9202957919085256	-0.823073205899458	0.2830097669161235	0.8724458495337781	0.6307784146815794	-0.534360852759287	1.0468607724798782
1	0.9403910821683148	-1.2883766362561477	-0.9602744235366153	0.9337751997883635	-0.9675122364612013	0.3923100906906272	0.6803467282314061	0.8576664878386798	-0.4799751763072112	1.1021671991200157
2	0.9403910821683148	-1.035370852416585	-0.9560409574542998	0.9320291624982294	-0.9675122364612013	0.5952964062718472	0.8501410119039814	0.43390441299212373	-0.6431322056634393	1.2112852841127195
2	0.9403910821683148	-0.8617394321345323	-0.9010058983842004	0.9338683217771705	-1.2563902975846875	0.9388117095631437	1.4370736809251503	0.8164031616556335	-0.6431322056634393	1.1936802353924354
1	0.9403910821683148	-0.896465716190943	-0.8502043053964163	0.984410281202262	-0.5341951447759712	0.7904755558691745	0.43378691566833655	0.29501104534971573	-0.6975178821155156	1.040300400551093
1	0.9403910821683148	-0.8667003298568767	-0.795169246326317	0.9890198196482164	-0.823073205899458	0.8373185517725337	0.9285785417605423	1.3290271222519021	-0.8062892350196673	1.0947764003648022
1	0.9403910821683148	-0.9559964888590754	-0.7443676533385329	1.0107172430402873	-0.6786341753377145	0.8529328837403191	1.02772647533596	0.6337653688244268	-0.8062892350196673	1.2494849181284302
1	0.9403910821683148	-1.0105663638048634	-0.6893325942684335	1.0158855134190854	-0.6786341753377145	0.6889823980785645	0.9291301297081107	1.5684411321370728	-0.8606749114717437	1.3028813630677822
1	0.9403910821683148	-1.0006445683601746	-0.6385310012806495	1.029015713840896	-0.6786341753377145	0.8295113857886399	1.0044391216745572	0.757458994014119	-0.8062892350196673	1.2376098145105028
1	0.9403910821683148	-1.0056054660825189	-0.6427644673629649	1.0592803602032255	-0.5341951447759712	0.6967895640624572	0.8384628608265569	1.030090824568537	-0.8606749114717437	1.2698303753759281
1	0.9403910821683148	-0.9311920002473534	-0.6385310012806495	1.0557882856229572	-0.823073205899458	0.9622332075148228	1.0917365329389355	0.7746821570152154	-0.9150605879238196	1.4016191127301298
1	0.9403910821683148	-0.9063875116356317	-0.5792624761282348	1.052412613528697	-0.5341951447759712	0.7592468919336028	1.564309507018152	1.2180521405091735	-0.9694462643758959	1.381107570117346
1	0.9403910821683148	-0.678186216407791	-0.5284608831404508	1.109845600125519	-0.5341951447759712	1.05591919932154	0.563117052249762	0.5982350675284588	-0.9694462643758959	1.2265651377190037
2	0.9403910821683148	-0.6881080118524797	-0.4903596883996127	1.1229525200501278	-0.3897561142142284	1.188641021047723	1.1175232694877577	1.7516570451249596	-1.0238319408279717	1.2849441436169267
2	0.9403910821683148	-0.6186554437396585	-0.4099238328356213	1.170305051358573	-0.3897561142142284	0.9231973775953572	1.2842579637636644	1.1108108514450041	-1.132603293732124	1.4437217528300543
2	0.9403910821683148	-0.653381727796069	-0.3591222398478372	1.179640530736492	-0.10087805309074162	0.9388117095631437	1.1072413254026157	1.5905542281300888	-1.0238319408279717	1.499028179470192
1	0.9403910821683148	-0.6633035232407577	-0.3210210451069992	1.183295568797173	-0.10087805309074162	0.7826683898852819	1.2168091000500676	1.3416975890191423	-1.132603293732124	1.4413965577160546
1	1.2940862867383096	-0.5343201824598043	-0.20248399480216972	1.2004998562292977	-0.24531708365248503	0.9700403734987154	1.0945203283618197	1.1138700706074367	-1.132603293732124	1.5505976853914014
2	1.2940862867383096	-0.5492028756268373	-0.1982505287198543	1.18078127509938	-0.3897561142142284	0.8841615476758918	1.247741117922301	0.7995654120923239	-1.132603293732124	1.5905412157426118
2	1.2940862867383096	-0.7674823754099893	-0.11358120707354764	1.1979622820343028	-0.6786341753377145	0.5952964062718472	0.6008577338497929	0.3646504358898131	-1.132603293732124	1.395556996897202
2	1.2940862867383096	-0.8220522503557776	-0.10934774099123222	1.2311602710440581	-0.823073205899458	0.9544260415309301	1.1367857548442475	1.4161546475315743	-1.132603293732124	1.4516108076811252
1	1.3812040890802675	-0.841895841245155	-0.10511427490891696	1.2624958202776706	-0.823073205899458	0.8607400497242128	1.0983814439947983	0.60890620208718	-1.241374646636276	1.539802136647831
2	1.3812040890802675	-0.9063875116356317	-0.1178146731558629	1.2751604107554453	-0.24531708365248503	1.0793406972732191	1.3823802884990724	0.5949349649674095	-1.241374646636276	1.5956898620664683
2	1.4468113229427295	-1.07505803419534	-0.11358120707354764	1.2863117689151047	-0.6786341753377145	0.9544260415309301	1.2615997651049569	0.3261331804509976	-1.1869889701841998	1.5594832524341862
2	1.4468113229427295	-1.2883766362561477	-0.2278847912960618	1.2860091224514807	-0.5341951447759712	0.2830097669161235	1.3585499654517819	0.7958076310739028	-1.1869889701841998	1.5956898620664683
2	1.4732385927889673	-1.2486894544773928	-0.35488877376552186	1.3043541542464931	-0.823073205899458	0.72801822799803	1.2046569280802015	0.7509069655717439	-1.241374646636276	1.7124478738623143
1	1.4732385927889673	-1.1990804772539492	-0.47342582407035133	1.3011414456326464	-0.823073205899458	0.8295113857886399	1.3104583912731629	0.20983467559883906	-1.241374646636276	1.7618582700348098
4	0.6092819745017906	-1.769583715323551	-1.108445736417652	1.2820747184243781	-1.400829328146431	-1.1222801101846331	0.5169560358876326	-0.9236903332719196	4.795435439544167	-0.13500268689315176
4	0.6092819745017906	-1.7646228176012069	-1.108445736417652	1.2821911209103871	0.1880000080327452	-1.0832442802651676	1.2496285829303866	-0.5043123362801881	3.9796502927630253	0.12815957440203737
3	0.6092819745017906	-1.7348574312671405	-1.095745338170706	1.314853658484502	-0.10087805309074162	-0.6304286531993686	1.4083307777198288	0.43154375568567976	2.7831654108173525	0.5504316156409256
3	1.2376978679384885	-1.7894273062129284	-1.0915118720883907	1.3452114268356385	-0.10087805309074162	-1.0676299482973812	1.5254742680846654	0.22833452061260412	2.3480799992007437	0.6000911398613493
3	1.2376978679384885	-1.7596619198788623	-1.0915118720883907	1.3726591330365512	-0.6786341753377145	-0.4508638355698265	1.370555621873075	0.9808301695514152	1.0972094408029949	0.8370119134413981
3	1.317747912065755	-1.7050920449330744	-1.0915118720883907	1.3751734267343447	-0.6786341753377145	-0.3415635117953239	1.541634071236083	0.8635922194446514	0.5533526762822342	0.9704615044484568
2	1.317747912065755	-1.6356394768202531	-1.0915118720883907	1.3771755494936992	-0.823073205899458	-0.4274423376181475	2.0992550119810005	1.0826997588264313	0.4445813233780819	0.9737832117541708
3	1.317747912065755	-1.4719298519828894	-1.095745338170706	1.436308012386252	0.3324390385944879	-0.7319218109899785	1.0658808478966673	0.758783852706511	0.17265294111770166	0.8512122121733253
3	1.317747912065755	-1.2982984317008364	-1.0999788042530214	1.479679578673191	0.04356097747100179	-0.09954136629463738	2.15898164442864	1.7490555044198988	0.06388158821354943	0.9491195350092446
2	1.6033775320899166	-1.2834157385338036	-1.0999788042530214	1.530361221081492	0.4768780691562313	0.1659022771577271	2.0909811927674746	0.9920312475870933	0.06388158821354943	1.0363143517842361
2	1.6033775320899166	-1.3429465112019356	-1.095745338170706	1.638429289092213	1.6323903136501778	-0.05269837039127926	2.1151562582819956	1.634997215174876	0.009495911761473564	1.2136104792267193
2	1.6553101902761278	-1.4421644656488228	-1.0872784060060754	1.6688568989349546	2.3545854664588943	-0.388406507698682	2.0648755694364644	0.799926737190249	-0.2624324704989067	1.2102057292383626
2	1.6553101902761278	-1.4173599770371013	-1.095745338170706	1.6992845087776975	2.2101464358971503	-1.0442084503457023	1.8752241196514272	1.5602029199043805	-0.6431322056634393	1.3097739057271387
2	1.801582055936699	-1.3131811248678695	-1.095745338170706	1.752340761900582	2.499024497020637	-1.130087276168526	2.089800449817211	1.2462114098074695	-0.6975178821155156	1.4475417162316255
2	1.801582055936699	-1.3231029203125582	-1.095745338170706	1.7839789575978173	2.643463527582381	-1.4657954134759286	2.2789778787098065	1.179751680129113	-0.9150605879238196	1.5222801306101899
3	1.801582055936699	-1.3677509998136577	-1.095745338170706	1.8038605022081489	2.499024497020637	-1.2159661019913506	2.737157854782161	1.737396747926849	-1.078217617280048	1.5340721915454743
3	1.801582055936699	-1.139549704585817	-1.095745338170706	1.9182608654577558	2.643463527582381	-1.8249250487350115	1.6473493488122368	1.318934107849861	-1.132603293732124	1.4336735882302696
3	1.801582055936699	-1.0403317501389295	-1.044943745182922	2.0064473888581453	3.3656586803910975	-2.0903686921873765	2.4288546663381547	2.378411559985836	-1.241374646636276	1.4969521124041207
2	1.740430582687847	-0.7327560913535789	-0.9899086861128226	2.0438125868670207	3.3656586803910975	-1.6375530651215768	2.4060068593224706	1.5661045631704904	-1.241374646636276	1.5843130145443982
3	1.740430582687847	-0.5392810801821486	-0.6173636708690728	2.211478727714329	3.2212196498293535	-2.824242294673327	2.539654895305955	2.3876133058129954	-1.241374646636276	1.7213334409050993
3	1.7905194778615299	-0.6583426255184135	-0.41839076500025196	2.2106639103122667	3.076780619267611	-2.7071348049149306	2.4604761691448487	1.303300775279635	-1.295760323088352	1.6923515446627448
2	1.7905194778615299	-0.6583426255184135	-0.14321546964975496	2.208219458106078	2.499024497020637	-2.184054683994093	2.562709547801977	2.0206756247001265	-1.1869889701841998	1.724239934797599
3	1.7905194778615299	-0.3507669667330628	-0.04584574975650218	2.22304913482362	2.3545854664588943	-2.152826020058521	2.241728455125579	2.279504836513806	-1.295760323088352	1.760031331016667
